config,embed_dim,num_heads,num_layers,ff_dim,epochs,parameters,training_seconds,val_loss,val_accuracy
fast,96,3,2,192,3,921568,965.037927300029,3.5993895530700684,0.2654687464237213
quality,192,4,4,384,5,2728096,1752.308969100006,0.38965651392936707,0.9215156435966492
